algo,supercomputer,supercomputer_120
regression,2.492,7.184000000000001
elastic net,3.052999999999999,2.860000000000003
random forests,6.595000000000002,3.059999999999995
xgboost,3.2280000000000015,3.8699999999999974
